x-axis,1
second,Volt
-9.8000E-03,+70.9480E-03
-9.7900E-03,+70.9329E-03
-9.7800E-03,+70.8576E-03
-9.7700E-03,+70.6988E-03
-9.7600E-03,+70.5189E-03
-9.7500E-03,+70.4304E-03
-9.7400E-03,+70.3842E-03
-9.7300E-03,+70.2455E-03
-9.7200E-03,+70.0535E-03
-9.7100E-03,+69.8867E-03
-9.7000E-03,+69.8525E-03
-9.6900E-03,+69.7500E-03
-9.6800E-03,+69.5792E-03
-9.6700E-03,+69.3390E-03
-9.6600E-03,+69.2355E-03
-9.6500E-03,+69.1641E-03
-9.6400E-03,+69.0113E-03
-9.6300E-03,+68.7681E-03
-9.6200E-03,+68.5983E-03
-9.6100E-03,+68.4455E-03
-9.6000E-03,+68.3400E-03
-9.5900E-03,+68.1249E-03
-9.5800E-03,+67.8968E-03
-9.5700E-03,+67.7390E-03
-9.5600E-03,+67.6184E-03
-9.5500E-03,+67.4505E-03
-9.5400E-03,+67.2073E-03
-9.5300E-03,+66.9772E-03
-9.5200E-03,+66.8546E-03
-9.5100E-03,+66.6787E-03
-9.5000E-03,+66.4103E-03
-9.4900E-03,+66.1500E-03
-9.4800E-03,+65.9410E-03
-9.4700E-03,+65.8435E-03
-9.4600E-03,+65.6133E-03
-9.4500E-03,+65.3601E-03
-9.4400E-03,+65.0525E-03
-9.4300E-03,+64.8837E-03
-9.4200E-03,+64.6907E-03
-9.4100E-03,+64.4053E-03
-9.4000E-03,+64.0937E-03
-9.3900E-03,+63.8857E-03
-9.3800E-03,+63.6927E-03
-9.3700E-03,+63.4264E-03
-9.3600E-03,+63.1370E-03
-9.3500E-03,+62.8123E-03
-9.3400E-03,+62.6445E-03
-9.3300E-03,+62.4264E-03
-9.3200E-03,+62.1018E-03
-9.3100E-03,+61.7671E-03
-9.3000E-03,+61.5008E-03
-9.2900E-03,+61.2777E-03
-9.2800E-03,+60.9973E-03
-9.2700E-03,+60.6827E-03
-9.2600E-03,+60.3259E-03
-9.2500E-03,+60.1038E-03
-9.2400E-03,+59.8646E-03
-9.2300E-03,+59.5169E-03
-9.2200E-03,+59.1601E-03
-9.2100E-03,+58.8546E-03
-9.2000E-03,+58.6415E-03
-9.1900E-03,+58.3430E-03
-9.1800E-03,+57.9802E-03
-9.1700E-03,+57.6264E-03
-9.1600E-03,+57.3339E-03
-9.1500E-03,+57.0686E-03
-9.1400E-03,+56.7380E-03
-9.1300E-03,+56.3752E-03
-9.1200E-03,+56.0606E-03
-9.1100E-03,+55.7691E-03
-9.1000E-03,+55.4606E-03
-9.0900E-03,+55.0847E-03
-9.0800E-03,+54.6988E-03
-9.0700E-03,+54.3943E-03
-9.0600E-03,+54.1269E-03
-9.0500E-03,+53.7671E-03
-9.0400E-03,+53.3400E-03
-9.0300E-03,+53.0204E-03
-9.0200E-03,+52.7430E-03
-9.0100E-03,+52.3782E-03
-9.0000E-03,+51.9882E-03
-8.9900E-03,+51.6063E-03
-8.9800E-03,+51.3591E-03
-8.9700E-03,+51.0194E-03
-8.9600E-03,+50.6385E-03
-8.9500E-03,+50.2646E-03
-8.9400E-03,+49.9490E-03
-8.9300E-03,+49.6355E-03
-8.9200E-03,+49.2958E-03
-8.9100E-03,+48.9169E-03
-8.9000E-03,+48.5309E-03
-8.8900E-03,+48.1953E-03
-8.8800E-03,+47.8887E-03
-8.8700E-03,+47.5490E-03
-8.8600E-03,+47.1380E-03
-8.8500E-03,+46.7872E-03
-8.8400E-03,+46.5028E-03
-8.8300E-03,+46.1812E-03
-8.8200E-03,+45.8204E-03
-8.8100E-03,+45.3601E-03
-8.8000E-03,+45.0686E-03
-8.7900E-03,+44.7380E-03
-8.7800E-03,+44.4023E-03
-8.7700E-03,+44.0083E-03
-8.7600E-03,+43.6767E-03
-8.7500E-03,+43.3701E-03
-8.7400E-03,+43.0556E-03
-8.7300E-03,+42.6907E-03
-8.7200E-03,+42.3128E-03
-8.7100E-03,+42.0023E-03
-8.7000E-03,+41.6968E-03
-8.6900E-03,+41.3822E-03
-8.6800E-03,+40.9922E-03
-8.6700E-03,+40.6455E-03
-8.6600E-03,+40.3742E-03
-8.6500E-03,+40.0385E-03
-8.6400E-03,+39.6907E-03
-8.6300E-03,+39.3420E-03
-8.6200E-03,+39.0043E-03
-8.6100E-03,+38.7149E-03
-8.6000E-03,+38.3852E-03
-8.5900E-03,+38.0385E-03
-8.5800E-03,+37.7390E-03
-8.5700E-03,+37.4596E-03
-8.5600E-03,+37.1430E-03
-8.5500E-03,+36.8375E-03
-8.5400E-03,+36.4968E-03
-8.5300E-03,+36.2485E-03
-8.5200E-03,+36.0093E-03
-8.5100E-03,+35.7199E-03
-8.5000E-03,+35.3802E-03
-8.4900E-03,+35.0616E-03
-8.4800E-03,+34.8264E-03
-8.4700E-03,+34.5500E-03
-8.4600E-03,+34.2656E-03
-8.4500E-03,+33.9581E-03
-8.4400E-03,+33.7189E-03
-8.4300E-03,+33.4546E-03
-8.4200E-03,+33.2154E-03
-8.4100E-03,+32.9259E-03
-8.4000E-03,+32.6465E-03
-8.3900E-03,+32.4535E-03
-8.3800E-03,+32.1852E-03
-8.3700E-03,+31.9440E-03
-8.3600E-03,+31.6546E-03
-8.3500E-03,+31.4556E-03
-8.3400E-03,+31.2405E-03
-8.3300E-03,+31.0194E-03
-8.3200E-03,+30.7450E-03
-8.3100E-03,+30.5319E-03
-8.3000E-03,+30.3701E-03
-8.2900E-03,+30.1631E-03
-8.2800E-03,+29.9038E-03
-8.2700E-03,+29.7108E-03
-8.2600E-03,+29.5008E-03
-8.2500E-03,+29.3249E-03
-8.2400E-03,+29.1360E-03
-8.2300E-03,+28.9721E-03
-8.2200E-03,+28.7340E-03
-8.2100E-03,+28.6033E-03
-8.2000E-03,+28.4355E-03
-8.1900E-03,+28.2184E-03
-8.1800E-03,+28.0747E-03
-8.1700E-03,+27.8817E-03
-8.1600E-03,+27.7530E-03
-8.1500E-03,+27.5812E-03
-8.1400E-03,+27.4033E-03
-8.1300E-03,+27.2606E-03
-8.1200E-03,+27.1179E-03
-8.1100E-03,+27.0194E-03
-8.1000E-03,+26.8726E-03
-8.0900E-03,+26.6787E-03
-8.0800E-03,+26.5611E-03
-8.0700E-03,+26.4606E-03
-8.0600E-03,+26.3370E-03
-8.0500E-03,+26.2144E-03
-8.0400E-03,+26.0857E-03
-8.0300E-03,+25.9963E-03
-8.0200E-03,+25.9169E-03
-8.0100E-03,+25.7993E-03
-8.0000E-03,+25.6566E-03
-7.9900E-03,+25.5179E-03
-7.9800E-03,+25.4726E-03
-7.9700E-03,+25.3541E-03
-7.9600E-03,+25.2777E-03
-7.9500E-03,+25.1490E-03
-7.9400E-03,+25.1028E-03
-7.9300E-03,+25.0314E-03
-7.9200E-03,+24.9279E-03
-7.9100E-03,+24.8133E-03
-7.9000E-03,+24.7420E-03
-7.8900E-03,+24.7149E-03
-7.8800E-03,+24.6515E-03
-7.8700E-03,+24.5530E-03
-7.8600E-03,+24.5008E-03
-7.8500E-03,+24.4505E-03
-7.8400E-03,+24.4254E-03
-7.8300E-03,+24.3249E-03
-7.8200E-03,+24.2495E-03
-7.8100E-03,+24.1993E-03
-7.8000E-03,+24.1742E-03
-7.7900E-03,+24.0917E-03
-7.7800E-03,+24.0485E-03
-7.7700E-03,+23.9571E-03
-7.7600E-03,+23.9520E-03
-7.7500E-03,+23.9480E-03
-7.7400E-03,+23.8686E-03
-7.7300E-03,+23.7892E-03
-7.7200E-03,+23.7842E-03
-7.7100E-03,+23.7882E-03
-7.7000E-03,+23.7470E-03
-7.6900E-03,+23.6968E-03
-7.6800E-03,+23.6716E-03
-7.6700E-03,+23.6646E-03
-7.6600E-03,+23.6355E-03
-7.6500E-03,+23.6113E-03
-7.6400E-03,+23.5460E-03
-7.6300E-03,+23.5189E-03
-7.6200E-03,+23.5229E-03
-7.6100E-03,+23.5078E-03
-7.6000E-03,+23.4857E-03
-7.5900E-03,+23.4204E-03
-7.5800E-03,+23.4274E-03
-7.5700E-03,+23.4204E-03
-7.5600E-03,+23.3963E-03
-7.5500E-03,+23.3752E-03
-7.5400E-03,+23.3701E-03
-7.5300E-03,+23.3953E-03
-7.5200E-03,+23.3701E-03
-7.5100E-03,+23.3661E-03
-7.5000E-03,+23.3450E-03
-7.4900E-03,+23.3450E-03
-7.4800E-03,+23.3450E-03
-7.4700E-03,+23.3199E-03
-7.4600E-03,+23.2948E-03
-7.4500E-03,+23.2696E-03
-7.4400E-03,+23.2948E-03
-7.4300E-03,+23.2978E-03
-7.4200E-03,+23.2515E-03
-7.4100E-03,+23.2586E-03
-7.4000E-03,+23.2696E-03
-7.3900E-03,+23.2887E-03
-7.3800E-03,+23.2214E-03
-7.3700E-03,+23.2465E-03
-7.3600E-03,+23.2445E-03
-7.3500E-03,+23.2596E-03
-7.3400E-03,+23.2445E-03
-7.3300E-03,+23.2013E-03
-7.3200E-03,+23.2194E-03
-7.3100E-03,+23.2435E-03
-7.3000E-03,+23.2445E-03
-7.2900E-03,+23.2375E-03
-7.2800E-03,+23.2455E-03
-7.2700E-03,+23.2274E-03
-7.2600E-03,+23.2405E-03
-7.2500E-03,+23.2445E-03
-7.2400E-03,+23.2194E-03
-7.2300E-03,+23.2365E-03
-7.2200E-03,+23.2576E-03
-7.2100E-03,+23.2536E-03
-7.2000E-03,+23.2445E-03
-7.1900E-03,+23.2445E-03
-7.1800E-03,+23.2445E-03
-7.1700E-03,+23.2696E-03
-7.1600E-03,+23.2837E-03
-7.1500E-03,+23.2847E-03
-7.1400E-03,+23.2636E-03
-7.1300E-03,+23.2716E-03
-7.1200E-03,+23.3179E-03
-7.1100E-03,+23.3199E-03
-7.1000E-03,+23.3098E-03
-7.0900E-03,+23.3199E-03
-7.0800E-03,+23.3269E-03
-7.0700E-03,+23.3701E-03
-7.0600E-03,+23.3450E-03
-7.0500E-03,+23.3450E-03
-7.0400E-03,+23.3701E-03
-7.0300E-03,+23.4073E-03
-7.0200E-03,+23.3953E-03
-7.0100E-03,+23.3953E-03
-7.0000E-03,+23.3953E-03
-6.9900E-03,+23.4706E-03
-6.9800E-03,+23.4706E-03
-6.9700E-03,+23.4827E-03
-6.9600E-03,+23.4706E-03
-6.9500E-03,+23.5209E-03
-6.9400E-03,+23.5721E-03
-6.9300E-03,+23.5932E-03
-6.9200E-03,+23.6214E-03
-6.9100E-03,+23.6103E-03
-6.9000E-03,+23.6716E-03
-6.8900E-03,+23.7219E-03
-6.8800E-03,+23.7219E-03
-6.8700E-03,+23.7450E-03
-6.8600E-03,+23.7782E-03
-6.8500E-03,+23.8375E-03
-6.8400E-03,+23.8837E-03
-6.8300E-03,+23.9159E-03
-6.8200E-03,+23.9541E-03
-6.8100E-03,+24.0234E-03
-6.8000E-03,+24.0938E-03
-6.7900E-03,+24.1239E-03
-6.7800E-03,+24.1490E-03
-6.7700E-03,+24.2073E-03
-6.7600E-03,+24.2827E-03
-6.7500E-03,+24.3500E-03
-6.7400E-03,+24.3963E-03
-6.7300E-03,+24.4596E-03
-6.7200E-03,+24.5390E-03
-6.7100E-03,+24.6103E-03
-6.7000E-03,+24.6515E-03
-6.6900E-03,+24.6787E-03
-6.6800E-03,+24.7963E-03
-6.6700E-03,+24.9028E-03
-6.6600E-03,+25.0063E-03
-6.6500E-03,+25.0284E-03
-6.6400E-03,+25.1289E-03
-6.6300E-03,+25.2335E-03
-6.6200E-03,+25.3782E-03
-6.6100E-03,+25.4113E-03
-6.6000E-03,+25.5209E-03
-6.5900E-03,+25.6536E-03
-6.5800E-03,+25.7641E-03
-6.5700E-03,+25.8606E-03
-6.5600E-03,+25.9802E-03
-6.5500E-03,+26.0938E-03
-6.5400E-03,+26.2003E-03
-6.5300E-03,+26.3340E-03
-6.5200E-03,+26.4686E-03
-6.5100E-03,+26.5611E-03
-6.5000E-03,+26.7118E-03
-6.4900E-03,+26.9048E-03
-6.4800E-03,+26.9973E-03
-6.4700E-03,+27.1018E-03
-6.4600E-03,+27.2415E-03
-6.4500E-03,+27.4204E-03
-6.4400E-03,+27.5912E-03
-6.4300E-03,+27.7169E-03
-6.4200E-03,+27.8355E-03
-6.4100E-03,+28.0103E-03
-6.4000E-03,+28.2144E-03
-6.3900E-03,+28.3762E-03
-6.3800E-03,+28.5480E-03
-6.3700E-03,+28.6907E-03
-6.3600E-03,+28.9108E-03
-6.3500E-03,+29.1189E-03
-6.3400E-03,+29.2857E-03
-6.3300E-03,+29.4214E-03
-6.3200E-03,+29.6355E-03
-6.3100E-03,+29.8757E-03
-6.3000E-03,+30.0686E-03
-6.2900E-03,+30.2706E-03
-6.2800E-03,+30.4797E-03
-6.2700E-03,+30.7058E-03
-6.2600E-03,+30.9621E-03
-6.2500E-03,+31.1340E-03
-6.2400E-03,+31.3309E-03
-6.2300E-03,+31.5792E-03
-6.2200E-03,+31.8636E-03
-6.2100E-03,+32.1068E-03
-6.2000E-03,+32.2948E-03
-6.1900E-03,+32.5430E-03
-6.1800E-03,+32.8083E-03
-6.1700E-03,+33.0294E-03
-6.1600E-03,+33.2978E-03
-6.1500E-03,+33.5159E-03
-6.1400E-03,+33.7842E-03
-6.1300E-03,+34.1299E-03
-6.1200E-03,+34.3460E-03
-6.1100E-03,+34.6144E-03
-6.1000E-03,+34.8626E-03
-6.0900E-03,+35.1621E-03
-6.0800E-03,+35.5018E-03
-6.0700E-03,+35.7912E-03
-6.0600E-03,+36.0304E-03
-6.0500E-03,+36.2948E-03
-6.0400E-03,+36.6435E-03
-6.0300E-03,+36.9500E-03
-6.0200E-03,+37.1882E-03
-6.0100E-03,+37.4566E-03
-6.0000E-03,+37.8425E-03
-5.9900E-03,+38.1822E-03
-5.9800E-03,+38.4546E-03
-5.9700E-03,+38.7098E-03
-5.9600E-03,+39.0505E-03
-5.9500E-03,+39.4204E-03
-5.9400E-03,+39.7792E-03
-5.9300E-03,+40.0666E-03
-5.9200E-03,+40.3340E-03
-5.9100E-03,+40.6988E-03
-5.9000E-03,+41.0636E-03
-5.8900E-03,+41.3531E-03
-5.8800E-03,+41.6194E-03
-5.8700E-03,+41.9551E-03
-5.8600E-03,+42.3470E-03
-5.8500E-03,+42.6867E-03
-5.8400E-03,+43.0013E-03
-5.8300E-03,+43.2978E-03
-5.8200E-03,+43.6335E-03
-5.8100E-03,+44.0184E-03
-5.8000E-03,+44.3350E-03
-5.7900E-03,+44.6495E-03
-5.7800E-03,+44.9882E-03
-5.7700E-03,+45.3872E-03
-5.7600E-03,+45.7400E-03
-5.7500E-03,+46.0586E-03
-5.7400E-03,+46.3480E-03
-5.7300E-03,+46.7299E-03
-5.7200E-03,+47.1159E-03
-5.7100E-03,+47.4676E-03
-5.7000E-03,+47.7269E-03
-5.6900E-03,+48.0495E-03
-5.6800E-03,+48.4586E-03
-5.6700E-03,+48.8013E-03
-5.6600E-03,+49.1269E-03
-5.6500E-03,+49.4304E-03
-5.6400E-03,+49.8013E-03
-5.6300E-03,+50.2083E-03
-5.6200E-03,+50.4515E-03
-5.6100E-03,+50.7641E-03
-5.6000E-03,+51.1038E-03
-5.5900E-03,+51.4938E-03
-5.5800E-03,+51.8335E-03
-5.5700E-03,+52.1289E-03
-5.5600E-03,+52.4123E-03
-5.5500E-03,+52.8023E-03
-5.5400E-03,+53.2083E-03
-5.5300E-03,+53.5068E-03
-5.5200E-03,+53.7711E-03
-5.5100E-03,+54.0897E-03
-5.5000E-03,+54.4757E-03
-5.4900E-03,+54.7943E-03
-5.4800E-03,+55.1128E-03
-5.4700E-03,+55.3943E-03
-5.4600E-03,+55.7430E-03
-5.4500E-03,+56.1038E-03
-5.4400E-03,+56.3631E-03
-5.4300E-03,+56.6556E-03
-5.4200E-03,+56.9782E-03
-5.4100E-03,+57.3711E-03
-5.4000E-03,+57.6867E-03
-5.3900E-03,+57.9551E-03
-5.3800E-03,+58.1772E-03
-5.3700E-03,+58.5400E-03
-5.3600E-03,+58.8928E-03
-5.3500E-03,+59.1541E-03
-5.3400E-03,+59.3721E-03
-5.3300E-03,+59.6043E-03
-5.3200E-03,+60.0154E-03
-5.3100E-03,+60.3530E-03
-5.3000E-03,+60.5711E-03
-5.2900E-03,+60.7641E-03
-5.2800E-03,+61.0948E-03
-5.2700E-03,+61.4425E-03
-5.2600E-03,+61.6656E-03
-5.2500E-03,+61.8877E-03
-5.2400E-03,+62.1269E-03
-5.2300E-03,+62.4666E-03
-5.2200E-03,+62.7430E-03
-5.2100E-03,+62.9360E-03
-5.2000E-03,+63.1289E-03
-5.1900E-03,+63.3993E-03
-5.1800E-03,+63.7129E-03
-5.1700E-03,+63.9591E-03
-5.1600E-03,+64.1269E-03
-5.1500E-03,+64.3450E-03
-5.1400E-03,+64.6636E-03
-5.1300E-03,+64.8817E-03
-5.1200E-03,+65.0747E-03
-5.1100E-03,+65.2174E-03
-5.1000E-03,+65.5008E-03
-5.0900E-03,+65.7651E-03
-5.0800E-03,+65.9470E-03
-5.0700E-03,+66.1118E-03
-5.0600E-03,+66.2817E-03
-5.0500E-03,+66.5209E-03
-5.0400E-03,+66.7691E-03
-5.0300E-03,+66.8998E-03
-5.0200E-03,+67.0294E-03
-5.0100E-03,+67.2726E-03
-5.0000E-03,+67.4907E-03
-4.9900E-03,+67.6375E-03
-4.9800E-03,+67.7591E-03
-4.9700E-03,+67.9068E-03
-4.9600E-03,+68.0958E-03
-4.9500E-03,+68.3450E-03
-4.9400E-03,+68.4214E-03
-4.9300E-03,+68.4927E-03
-4.9200E-03,+68.7078E-03
-4.9100E-03,+68.9118E-03
-4.9000E-03,+69.0837E-03
-4.8900E-03,+69.1299E-03
-4.8800E-03,+69.2284E-03
-4.8700E-03,+69.4716E-03
-4.8600E-03,+69.6204E-03
-4.8500E-03,+69.6917E-03
-4.8400E-03,+69.7128E-03
-4.8300E-03,+69.8988E-03
-4.8200E-03,+70.0817E-03
-4.8100E-03,+70.1530E-03
-4.8000E-03,+70.2194E-03
-4.7900E-03,+70.2616E-03
-4.7800E-03,+70.4917E-03
-4.7700E-03,+70.6395E-03
-4.7600E-03,+70.6777E-03
-4.7500E-03,+70.6817E-03
-4.7400E-03,+70.8033E-03
-4.7300E-03,+70.9752E-03
-4.7200E-03,+71.0837E-03
-4.7100E-03,+71.0586E-03
-4.7000E-03,+71.0938E-03
-4.6900E-03,+71.2365E-03
-4.6800E-03,+71.3601E-03
-4.6700E-03,+71.3601E-03
-4.6600E-03,+71.3098E-03
-4.6500E-03,+71.4154E-03
-4.6400E-03,+71.5611E-03
-4.6300E-03,+71.5882E-03
-4.6200E-03,+71.5862E-03
-4.6100E-03,+71.5611E-03
-4.6000E-03,+71.6867E-03
-4.5900E-03,+71.7872E-03
-4.5800E-03,+71.7551E-03
-4.5700E-03,+71.6837E-03
-4.5600E-03,+71.7370E-03
-4.5500E-03,+71.8777E-03
-4.5400E-03,+71.8877E-03
-4.5300E-03,+71.8254E-03
-4.5200E-03,+71.7872E-03
-4.5100E-03,+71.8917E-03
-4.5000E-03,+71.9631E-03
-4.4900E-03,+71.8877E-03
-4.4800E-03,+71.7953E-03
-4.4700E-03,+71.8244E-03
-4.4600E-03,+71.8968E-03
-4.4500E-03,+71.9078E-03
-4.4400E-03,+71.8123E-03
-4.4300E-03,+71.7370E-03
-4.4200E-03,+71.7802E-03
-4.4100E-03,+71.8375E-03
-4.4000E-03,+71.7370E-03
-4.3900E-03,+71.6304E-03
-4.3800E-03,+71.6385E-03
-4.3700E-03,+71.6867E-03
-4.3600E-03,+71.6174E-03
-4.3500E-03,+71.5460E-03
-4.3400E-03,+71.4606E-03
-4.3300E-03,+71.4606E-03
-4.3200E-03,+71.4827E-03
-4.3100E-03,+71.4103E-03
-4.3000E-03,+71.2194E-03
-4.2900E-03,+71.1842E-03
-4.2800E-03,+71.2093E-03
-4.2700E-03,+71.1430E-03
-4.2600E-03,+71.0003E-03
-4.2500E-03,+70.8576E-03
-4.2400E-03,+70.8365E-03
-4.2300E-03,+70.8073E-03
-4.2200E-03,+70.7058E-03
-4.2100E-03,+70.5128E-03
-4.2000E-03,+70.4304E-03
-4.1900E-03,+70.4043E-03
-4.1800E-03,+70.3360E-03
-4.1700E-03,+70.1430E-03
-4.1600E-03,+69.9892E-03
-4.1500E-03,+69.9380E-03
-4.1400E-03,+69.8777E-03
-4.1300E-03,+69.7018E-03
-4.1200E-03,+69.5551E-03
-4.1100E-03,+69.4254E-03
-4.1000E-03,+69.3601E-03
-4.0900E-03,+69.2385E-03
-4.0800E-03,+69.0777E-03
-4.0700E-03,+68.8666E-03
-4.0600E-03,+68.7983E-03
-4.0500E-03,+68.6767E-03
-4.0400E-03,+68.4636E-03
-4.0300E-03,+68.2847E-03
-4.0200E-03,+68.1279E-03
-4.0100E-03,+68.0395E-03
-4.0000E-03,+67.8927E-03
-3.9900E-03,+67.6576E-03
-3.9800E-03,+67.4566E-03
-3.9700E-03,+67.3520E-03
-3.9600E-03,+67.2214E-03
-3.9500E-03,+66.9983E-03
-3.9400E-03,+66.7581E-03
-3.9300E-03,+66.5641E-03
-3.9200E-03,+66.4103E-03
-3.9100E-03,+66.2314E-03
-3.9000E-03,+65.9782E-03
-3.8900E-03,+65.6948E-03
-3.8800E-03,+65.5792E-03
-3.8700E-03,+65.4093E-03
-3.8600E-03,+65.1661E-03
-3.8500E-03,+64.8425E-03
-3.8400E-03,+64.6545E-03
-3.8300E-03,+64.4867E-03
-3.8200E-03,+64.2686E-03
-3.8100E-03,+63.9520E-03
-3.8000E-03,+63.6566E-03
-3.7900E-03,+63.4978E-03
-3.7800E-03,+63.3088E-03
-3.7700E-03,+63.0365E-03
-3.7600E-03,+62.7008E-03
-3.7500E-03,+62.4656E-03
-3.7400E-03,+62.2767E-03
-3.7300E-03,+62.0123E-03
-3.7200E-03,+61.7480E-03
-3.7100E-03,+61.3832E-03
-3.7000E-03,+61.1741E-03
-3.6900E-03,+61.0033E-03
-3.6800E-03,+60.6907E-03
-3.6700E-03,+60.3259E-03
-3.6600E-03,+60.0113E-03
-3.6500E-03,+59.8224E-03
-3.6400E-03,+59.5390E-03
-3.6300E-03,+59.2184E-03
-3.6200E-03,+58.8284E-03
-3.6100E-03,+58.6334E-03
-3.6000E-03,+58.3751E-03
-3.5900E-03,+58.0495E-03
-3.5800E-03,+57.6887E-03
-3.5700E-03,+57.3842E-03
-3.5600E-03,+57.1410E-03
-3.5500E-03,+56.8123E-03
-3.5400E-03,+56.4626E-03
-3.5300E-03,+56.0857E-03
-3.5200E-03,+55.8254E-03
-3.5100E-03,+55.5400E-03
-3.5000E-03,+55.1792E-03
-3.4900E-03,+54.7932E-03
-3.4800E-03,+54.4324E-03
-3.4700E-03,+54.2103E-03
-3.4600E-03,+53.9118E-03
-3.4500E-03,+53.5058E-03
-3.4400E-03,+53.1400E-03
-3.4300E-03,+52.8294E-03
-3.4200E-03,+52.5691E-03
-3.4100E-03,+52.2224E-03
-3.4000E-03,+51.8224E-03
-3.3900E-03,+51.4676E-03
-3.3800E-03,+51.2033E-03
-3.3700E-03,+50.8676E-03
-3.3600E-03,+50.5048E-03
-3.3500E-03,+50.1038E-03
-3.3400E-03,+49.8053E-03
-3.3300E-03,+49.5048E-03
-3.3200E-03,+49.1118E-03
-3.3100E-03,+48.7259E-03
-3.3000E-03,+48.3601E-03
-3.2900E-03,+48.0958E-03
-3.2800E-03,+47.7812E-03
-3.2700E-03,+47.4083E-03
-3.2600E-03,+47.0013E-03
-3.2500E-03,+46.6867E-03
-3.2400E-03,+46.3762E-03
-3.2300E-03,+45.9983E-03
-3.2200E-03,+45.6294E-03
-3.2100E-03,+45.2616E-03
-3.2000E-03,+45.0133E-03
-3.1900E-03,+44.6736E-03
-3.1800E-03,+44.2837E-03
-3.1700E-03,+43.8756E-03
-3.1600E-03,+43.5792E-03
-3.1500E-03,+43.3148E-03
-3.1400E-03,+42.8998E-03
-3.1300E-03,+42.5621E-03
-3.1200E-03,+42.2435E-03
-3.1100E-03,+41.9058E-03
-3.1000E-03,+41.6264E-03
-3.0900E-03,+41.2907E-03
-3.0800E-03,+40.9229E-03
-3.0700E-03,+40.6033E-03
-3.0600E-03,+40.3339E-03
-3.0500E-03,+39.9782E-03
-3.0400E-03,+39.6053E-03
-3.0300E-03,+39.2767E-03
-3.0200E-03,+38.9651E-03
-3.0100E-03,+38.6847E-03
-3.0000E-03,+38.3199E-03
-2.9900E-03,+37.9842E-03
-2.9800E-03,+37.7410E-03
-2.9700E-03,+37.4767E-03
-2.9600E-03,+37.1530E-03
-2.9500E-03,+36.8073E-03
-2.9400E-03,+36.5078E-03
-2.9300E-03,+36.2405E-03
-2.9200E-03,+35.9611E-03
-2.9100E-03,+35.6756E-03
-2.9000E-03,+35.3400E-03
-2.8900E-03,+35.0415E-03
-2.8800E-03,+34.7942E-03
-2.8700E-03,+34.5571E-03
-2.8600E-03,+34.2234E-03
-2.8500E-03,+33.9380E-03
-2.8400E-03,+33.7138E-03
-2.8300E-03,+33.4566E-03
-2.8200E-03,+33.2294E-03
-2.8100E-03,+32.9209E-03
-2.8000E-03,+32.6566E-03
-2.7900E-03,+32.4837E-03
-2.7800E-03,+32.2154E-03
-2.7700E-03,+31.9390E-03
-2.7600E-03,+31.7038E-03
-2.7500E-03,+31.4857E-03
-2.7400E-03,+31.2887E-03
-2.7300E-03,+31.0244E-03
-2.7200E-03,+30.7681E-03
-2.7100E-03,+30.5882E-03
-2.7000E-03,+30.4204E-03
-2.6900E-03,+30.2023E-03
-2.6800E-03,+29.9621E-03
-2.6700E-03,+29.7661E-03
-2.6600E-03,+29.5701E-03
-2.6500E-03,+29.4053E-03
-2.6400E-03,+29.1812E-03
-2.6300E-03,+28.9691E-03
-2.6200E-03,+28.7993E-03
-2.6100E-03,+28.6083E-03
-2.6000E-03,+28.4556E-03
-2.5900E-03,+28.2334E-03
-2.5800E-03,+28.0797E-03
-2.5700E-03,+27.9400E-03
-2.5600E-03,+27.7922E-03
-2.5500E-03,+27.6465E-03
-2.5400E-03,+27.4586E-03
-2.5300E-03,+27.3410E-03
-2.5200E-03,+27.1983E-03
-2.5100E-03,+27.0133E-03
-2.5000E-03,+26.8877E-03
-2.4900E-03,+26.7199E-03
-2.4800E-03,+26.6113E-03
-2.4700E-03,+26.5098E-03
-2.4600E-03,+26.3762E-03
-2.4500E-03,+26.2043E-03
-2.4400E-03,+26.1078E-03
-2.4300E-03,+26.0304E-03
-2.4200E-03,+25.8968E-03
-2.4100E-03,+25.7681E-03
-2.4000E-03,+25.6465E-03
-2.3900E-03,+25.5500E-03
-2.3800E-03,+25.4535E-03
-2.3700E-03,+25.3571E-03
-2.3600E-03,+25.2606E-03
-2.3500E-03,+25.1541E-03
-2.3400E-03,+25.0676E-03
-2.3300E-03,+24.9782E-03
-2.3200E-03,+24.8998E-03
-2.3100E-03,+24.8033E-03
-2.3000E-03,+24.7269E-03
-2.2900E-03,+24.7018E-03
-2.2800E-03,+24.5892E-03
-2.2700E-03,+24.5179E-03
-2.2600E-03,+24.4757E-03
-2.2500E-03,+24.4254E-03
-2.2400E-03,+24.3832E-03
-2.2300E-03,+24.2747E-03
-2.2200E-03,+24.1993E-03
-2.2100E-03,+24.1651E-03
-2.2000E-03,+24.1691E-03
-2.1900E-03,+24.0988E-03
-2.1800E-03,+24.0043E-03
-2.1700E-03,+23.9802E-03
-2.1600E-03,+23.9480E-03
-2.1500E-03,+23.9229E-03
-2.1400E-03,+23.8666E-03
-2.1300E-03,+23.7973E-03
-2.1200E-03,+23.7721E-03
-2.1100E-03,+23.7721E-03
-2.1000E-03,+23.7470E-03
-2.0900E-03,+23.6716E-03
-2.0800E-03,+23.6716E-03
-2.0700E-03,+23.6686E-03
-2.0600E-03,+23.6465E-03
-2.0500E-03,+23.5711E-03
-2.0400E-03,+23.5299E-03
-2.0300E-03,+23.5078E-03
-2.0200E-03,+23.5209E-03
-2.0100E-03,+23.4706E-03
-2.0000E-03,+23.4455E-03
-1.9900E-03,+23.4415E-03
-1.9800E-03,+23.4284E-03
-1.9700E-03,+23.4324E-03
-1.9600E-03,+23.3953E-03
-1.9500E-03,+23.3752E-03
-1.9400E-03,+23.3953E-03
-1.9300E-03,+23.3701E-03
-1.9200E-03,+23.3631E-03
-1.9100E-03,+23.3450E-03
-1.9000E-03,+23.3199E-03
-1.8900E-03,+23.3510E-03
-1.8800E-03,+23.3430E-03
-1.8700E-03,+23.3450E-03
-1.8600E-03,+23.2887E-03
-1.8500E-03,+23.2948E-03
-1.8400E-03,+23.3309E-03
-1.8300E-03,+23.2948E-03
-1.8200E-03,+23.2726E-03
-1.8100E-03,+23.2706E-03
-1.8000E-03,+23.3199E-03
-1.7900E-03,+23.3038E-03
-1.7800E-03,+23.2948E-03
-1.7700E-03,+23.2616E-03
-1.7600E-03,+23.2737E-03
-1.7500E-03,+23.2948E-03
-1.7400E-03,+23.2656E-03
-1.7300E-03,+23.2445E-03
-1.7200E-03,+23.2445E-03
-1.7100E-03,+23.2857E-03
-1.7000E-03,+23.2696E-03
-1.6900E-03,+23.2696E-03
-1.6800E-03,+23.2224E-03
-1.6700E-03,+23.2807E-03
-1.6600E-03,+23.2948E-03
-1.6500E-03,+23.2696E-03
-1.6400E-03,+23.2445E-03
-1.6300E-03,+23.2445E-03
-1.6200E-03,+23.2927E-03
-1.6100E-03,+23.2696E-03
-1.6000E-03,+23.2696E-03
-1.5900E-03,+23.2445E-03
-1.5800E-03,+23.2696E-03
-1.5700E-03,+23.2978E-03
-1.5600E-03,+23.3209E-03
-1.5500E-03,+23.2948E-03
-1.5400E-03,+23.2948E-03
-1.5300E-03,+23.2817E-03
-1.5200E-03,+23.3199E-03
-1.5100E-03,+23.3410E-03
-1.5000E-03,+23.2948E-03
-1.4900E-03,+23.3410E-03
-1.4800E-03,+23.3450E-03
-1.4700E-03,+23.3319E-03
-1.4600E-03,+23.3360E-03
-1.4500E-03,+23.3450E-03
-1.4400E-03,+23.3701E-03
-1.4300E-03,+23.3701E-03
-1.4200E-03,+23.3772E-03
-1.4100E-03,+23.3701E-03
-1.4000E-03,+23.4304E-03
-1.3900E-03,+23.4455E-03
-1.3800E-03,+23.4435E-03
-1.3700E-03,+23.4455E-03
-1.3600E-03,+23.4455E-03
-1.3500E-03,+23.5058E-03
-1.3400E-03,+23.5460E-03
-1.3300E-03,+23.5641E-03
-1.3200E-03,+23.5460E-03
-1.3100E-03,+23.5711E-03
-1.3000E-03,+23.6666E-03
-1.2900E-03,+23.6877E-03
-1.2800E-03,+23.7219E-03
-1.2700E-03,+23.7048E-03
-1.2600E-03,+23.7510E-03
-1.2500E-03,+23.7973E-03
-1.2400E-03,+23.7973E-03
-1.2300E-03,+23.8224E-03
-1.2200E-03,+23.8737E-03
-1.2100E-03,+23.9731E-03
-1.2000E-03,+24.0083E-03
-1.1900E-03,+24.0485E-03
-1.1800E-03,+24.0706E-03
-1.1700E-03,+24.1561E-03
-1.1600E-03,+24.1993E-03
-1.1500E-03,+24.2495E-03
-1.1400E-03,+24.2686E-03
-1.1300E-03,+24.3520E-03
-1.1200E-03,+24.4465E-03
-1.1100E-03,+24.4948E-03
-1.1000E-03,+24.5410E-03
-1.0900E-03,+24.5872E-03
-1.0800E-03,+24.6586E-03
-1.0700E-03,+24.7520E-03
-1.0600E-03,+24.7772E-03
-1.0500E-03,+24.8726E-03
-1.0400E-03,+24.9350E-03
-1.0300E-03,+25.0535E-03
-1.0200E-03,+25.1541E-03
-1.0100E-03,+25.2083E-03
-1.0000E-03,+25.3048E-03
-990.0E-06,+25.4264E-03
-980.0E-06,+25.5480E-03
-970.0E-06,+25.6314E-03
-960.0E-06,+25.7159E-03
-950.0E-06,+25.8123E-03
-940.0E-06,+25.9832E-03
-930.0E-06,+26.0807E-03
-920.0E-06,+26.1772E-03
-910.0E-06,+26.2737E-03
-900.0E-06,+26.4154E-03
-890.0E-06,+26.5671E-03
-880.0E-06,+26.6887E-03
-870.0E-06,+26.8103E-03
-860.0E-06,+26.9510E-03
-850.0E-06,+27.0938E-03
-840.0E-06,+27.2365E-03
-830.0E-06,+27.3721E-03
-820.0E-06,+27.4938E-03
-810.0E-06,+27.7400E-03
-800.0E-06,+27.8576E-03
-790.0E-06,+28.0345E-03
-780.0E-06,+28.1430E-03
-770.0E-06,+28.3360E-03
-760.0E-06,+28.5370E-03
-750.0E-06,+28.6968E-03
-740.0E-06,+28.8857E-03
-730.0E-06,+29.0325E-03
-720.0E-06,+29.2757E-03
-710.0E-06,+29.4847E-03
-700.0E-06,+29.6616E-03
-690.0E-06,+29.8043E-03
-680.0E-06,+30.0194E-03
-670.0E-06,+30.2656E-03
-660.0E-06,+30.4837E-03
-650.0E-06,+30.6767E-03
-640.0E-06,+30.8757E-03
-630.0E-06,+31.1129E-03
-620.0E-06,+31.3561E-03
-610.0E-06,+31.6184E-03
-600.0E-06,+31.8023E-03
-590.0E-06,+32.0325E-03
-580.0E-06,+32.3108E-03
-570.0E-06,+32.5943E-03
-560.0E-06,+32.8144E-03
-550.0E-06,+33.0083E-03
-540.0E-06,+33.3088E-03
-530.0E-06,+33.5822E-03
-520.0E-06,+33.8214E-03
-510.0E-06,+34.0857E-03
-500.0E-06,+34.3249E-03
-490.0E-06,+34.6395E-03
-480.0E-06,+34.9289E-03
-470.0E-06,+35.1812E-03
-460.0E-06,+35.4234E-03
-450.0E-06,+35.7722E-03
-440.0E-06,+36.0616E-03
-430.0E-06,+36.3259E-03
-420.0E-06,+36.5902E-03
-410.0E-06,+36.9078E-03
-400.0E-06,+37.2445E-03
-390.0E-06,+37.5591E-03
-380.0E-06,+37.8234E-03
-370.0E-06,+38.1108E-03
-360.0E-06,+38.4465E-03
-350.0E-06,+38.7671E-03
-340.0E-06,+39.0817E-03
-330.0E-06,+39.3711E-03
-320.0E-06,+39.7390E-03
-310.0E-06,+40.1008E-03
-300.0E-06,+40.4405E-03
-290.0E-06,+40.6887E-03
-280.0E-06,+40.9943E-03
-270.0E-06,+41.3671E-03
-260.0E-06,+41.7239E-03
-250.0E-06,+42.0385E-03
-240.0E-06,+42.3279E-03
-230.0E-06,+42.6425E-03
-220.0E-06,+43.0083E-03
-210.0E-06,+43.3722E-03
-200.0E-06,+43.6616E-03
-190.0E-06,+43.9269E-03
-180.0E-06,+44.3350E-03
-170.0E-06,+44.7058E-03
-160.0E-06,+45.0455E-03
-150.0E-06,+45.3350E-03
-140.0E-06,+45.6616E-03
-130.0E-06,+46.0666E-03
-120.0E-06,+46.4043E-03
-110.0E-06,+46.6998E-03
-100.0E-06,+47.0234E-03
-90.0E-06,+47.4204E-03
-80.0E-06,+47.8134E-03
-70.0E-06,+48.1279E-03
-60.0E-06,+48.3923E-03
-50.0E-06,+48.7320E-03
-40.0E-06,+49.1129E-03
-30.0E-06,+49.4867E-03
-20.0E-06,+49.8093E-03
-10.0E-06,+50.0485E-03
-0.0E+00,+50.4053E-03
+10.0E-06,+50.8415E-03
+20.0E-06,+51.1521E-03
+30.0E-06,+51.4495E-03
+40.0E-06,+51.7571E-03
+50.0E-06,+52.1541E-03
+60.0E-06,+52.4948E-03
+70.0E-06,+52.7832E-03
+80.0E-06,+53.0727E-03
+90.0E-06,+53.4626E-03
+100.0E-06,+53.8626E-03
+110.0E-06,+54.1420E-03
+120.0E-06,+54.4083E-03
+130.0E-06,+54.7460E-03
+140.0E-06,+55.1299E-03
+150.0E-06,+55.5008E-03
+160.0E-06,+55.7651E-03
+170.0E-06,+56.0114E-03
+180.0E-06,+56.3501E-03
+190.0E-06,+56.7340E-03
+200.0E-06,+57.0737E-03
+210.0E-06,+57.3129E-03
+220.0E-06,+57.6144E-03
+230.0E-06,+57.9671E-03
+240.0E-06,+58.3068E-03
+250.0E-06,+58.5711E-03
+260.0E-06,+58.7892E-03
+270.0E-06,+59.0998E-03
+280.0E-06,+59.4777E-03
+290.0E-06,+59.7289E-03
+300.0E-06,+59.9933E-03
+310.0E-06,+60.2576E-03
+320.0E-06,+60.5943E-03
+330.0E-06,+60.8686E-03
+340.0E-06,+61.1259E-03
+350.0E-06,+61.3149E-03
+360.0E-06,+61.6103E-03
+370.0E-06,+61.9671E-03
+380.0E-06,+62.2103E-03
+390.0E-06,+62.3842E-03
+400.0E-06,+62.6264E-03
+410.0E-06,+62.9480E-03
+420.0E-06,+63.2264E-03
+430.0E-06,+63.4294E-03
+440.0E-06,+63.5691E-03
+450.0E-06,+63.9078E-03
+460.0E-06,+64.1973E-03
+470.0E-06,+64.3993E-03
+480.0E-06,+64.5752E-03
+490.0E-06,+64.7601E-03
+500.0E-06,+65.0536E-03
+510.0E-06,+65.3390E-03
+520.0E-06,+65.5068E-03
+530.0E-06,+65.6063E-03
+540.0E-06,+65.8757E-03
+550.0E-06,+66.1440E-03
+560.0E-06,+66.3129E-03
+570.0E-06,+66.4355E-03
+580.0E-06,+66.6224E-03
+590.0E-06,+66.8656E-03
+600.0E-06,+67.0988E-03
+610.0E-06,+67.2264E-03
+620.0E-06,+67.3691E-03
+630.0E-06,+67.5621E-03
+640.0E-06,+67.7993E-03
+650.0E-06,+67.9581E-03
+660.0E-06,+68.0546E-03
+670.0E-06,+68.1651E-03
+680.0E-06,+68.3762E-03
+690.0E-06,+68.5953E-03
+700.0E-06,+68.7169E-03
+710.0E-06,+68.7561E-03
+720.0E-06,+68.9340E-03
+730.0E-06,+69.1651E-03
+740.0E-06,+69.2747E-03
+750.0E-06,+69.2998E-03
+760.0E-06,+69.4174E-03
+770.0E-06,+69.6103E-03
+780.0E-06,+69.7651E-03
+790.0E-06,+69.8616E-03
+800.0E-06,+69.8777E-03
+810.0E-06,+70.0053E-03
+820.0E-06,+70.2013E-03
+830.0E-06,+70.3229E-03
+840.0E-06,+70.3551E-03
+850.0E-06,+70.3902E-03
+860.0E-06,+70.5742E-03
+870.0E-06,+70.7088E-03
+880.0E-06,+70.7571E-03
+890.0E-06,+70.7571E-03
+900.0E-06,+70.8726E-03
+910.0E-06,+71.0304E-03
+920.0E-06,+71.1159E-03
+930.0E-06,+71.1118E-03
+940.0E-06,+71.1571E-03
+950.0E-06,+71.2797E-03
+960.0E-06,+71.3852E-03
+970.0E-06,+71.3983E-03
+980.0E-06,+71.4023E-03
+990.0E-06,+71.4435E-03
+1.0000E-03,+71.5611E-03
+1.0100E-03,+71.5651E-03
+1.0200E-03,+71.5862E-03
+1.0300E-03,+71.5742E-03
+1.0400E-03,+71.6706E-03
+1.0500E-03,+71.7118E-03
+1.0600E-03,+71.7108E-03
+1.0700E-03,+71.6646E-03
+1.0800E-03,+71.7299E-03
+1.0900E-03,+71.8375E-03
+1.1000E-03,+71.8525E-03
+1.1100E-03,+71.8254E-03
+1.1200E-03,+71.7370E-03
+1.1300E-03,+71.8355E-03
+1.1400E-03,+71.8626E-03
+1.1500E-03,+71.8224E-03
+1.1600E-03,+71.7289E-03
+1.1700E-03,+71.7370E-03
+1.1800E-03,+71.7872E-03
+1.1900E-03,+71.7882E-03
+1.2000E-03,+71.6917E-03
+1.2100E-03,+71.6274E-03
+1.2200E-03,+71.6616E-03
+1.2300E-03,+71.6787E-03
+1.2400E-03,+71.6073E-03
+1.2500E-03,+71.5360E-03
+1.2600E-03,+71.5028E-03
+1.2700E-03,+71.5360E-03
+1.2800E-03,+71.4978E-03
+1.2900E-03,+71.3922E-03
+1.3000E-03,+71.2345E-03
+1.3100E-03,+71.2596E-03
+1.3200E-03,+71.2847E-03
+1.3300E-03,+71.1661E-03
+1.3400E-03,+71.0304E-03
+1.3500E-03,+70.9078E-03
+1.3600E-03,+70.9520E-03
+1.3700E-03,+70.8787E-03
+1.3800E-03,+70.7108E-03
+1.3900E-03,+70.5621E-03
+1.4000E-03,+70.5561E-03
+1.4100E-03,+70.5058E-03
+1.4200E-03,+70.3912E-03
+1.4300E-03,+70.1983E-03
+1.4400E-03,+70.0797E-03
+1.4500E-03,+70.0586E-03
+1.4600E-03,+69.9963E-03
+1.4700E-03,+69.8284E-03
+1.4800E-03,+69.6435E-03
+1.4900E-03,+69.5762E-03
+1.5000E-03,+69.5259E-03
+1.5100E-03,+69.3370E-03
+1.5200E-03,+69.1571E-03
+1.5300E-03,+69.0355E-03
+1.5400E-03,+68.9892E-03
+1.5500E-03,+68.8576E-03
+1.5600E-03,+68.6435E-03
+1.5700E-03,+68.4264E-03
+1.5800E-03,+68.3450E-03
+1.5900E-03,+68.2304E-03
+1.6000E-03,+68.0234E-03
+1.6100E-03,+67.7993E-03
+1.6200E-03,+67.6164E-03
+1.6300E-03,+67.5661E-03
+1.6400E-03,+67.4274E-03
+1.6500E-03,+67.1842E-03
+1.6600E-03,+66.9661E-03
+1.6700E-03,+66.8304E-03
+1.6800E-03,+66.6777E-03
+1.6900E-03,+66.4375E-03
+1.7000E-03,+66.1993E-03
+1.7100E-03,+65.9671E-03
+1.7200E-03,+65.8706E-03
+1.7300E-03,+65.6736E-03
+1.7400E-03,+65.4395E-03
+1.7500E-03,+65.1289E-03
+1.7600E-03,+64.9822E-03
+1.7700E-03,+64.8184E-03
+1.7800E-03,+64.5621E-03
+1.7900E-03,+64.2726E-03
+1.8000E-03,+64.0184E-03
+1.8100E-03,+63.8465E-03
+1.8200E-03,+63.6304E-03
+1.8300E-03,+63.3410E-03
+1.8400E-03,+63.0375E-03
+1.8500E-03,+62.8073E-03
+1.8600E-03,+62.6736E-03
+1.8700E-03,+62.3611E-03
+1.8800E-03,+62.0445E-03
+1.8900E-03,+61.8244E-03
+1.9000E-03,+61.5963E-03
+1.9100E-03,+61.3380E-03
+1.9200E-03,+61.0555E-03
+1.9300E-03,+60.7199E-03
+1.9400E-03,+60.4586E-03
+1.9500E-03,+60.2696E-03
+1.9600E-03,+59.9460E-03
+1.9700E-03,+59.6033E-03
+1.9800E-03,+59.3088E-03
+1.9900E-03,+59.0907E-03
+2.0000E-03,+58.7973E-03
+2.0100E-03,+58.4696E-03
+2.0200E-03,+58.1008E-03
+2.0300E-03,+57.8535E-03
+2.0400E-03,+57.5892E-03
+2.0500E-03,+57.2947E-03
+2.0600E-03,+56.8837E-03
+2.0700E-03,+56.5480E-03
+2.0800E-03,+56.3169E-03
+2.0900E-03,+56.0023E-03
+2.1000E-03,+55.6767E-03
+2.1100E-03,+55.2676E-03
+2.1200E-03,+54.9741E-03
+2.1300E-03,+54.7078E-03
+2.1400E-03,+54.3993E-03
+2.1500E-03,+54.0234E-03
+2.1600E-03,+53.6777E-03
+2.1700E-03,+53.4173E-03
+2.1800E-03,+53.1319E-03
+2.1900E-03,+52.7450E-03
+2.2000E-03,+52.3148E-03
+2.2100E-03,+52.0495E-03
+2.2200E-03,+51.7390E-03
+2.2300E-03,+51.4113E-03
+2.2400E-03,+51.0425E-03
+2.2500E-03,+50.6565E-03
+2.2600E-03,+50.3671E-03
+2.2700E-03,+50.0435E-03
+2.2800E-03,+49.7128E-03
+2.2900E-03,+49.3138E-03
+2.3000E-03,+49.0083E-03
+2.3100E-03,+48.7179E-03
+2.3200E-03,+48.3319E-03
+2.3300E-03,+47.9390E-03
+2.3400E-03,+47.6103E-03
+2.3500E-03,+47.3400E-03
+2.3600E-03,+47.0083E-03
+2.3700E-03,+46.6304E-03
+2.3800E-03,+46.2405E-03
+2.3900E-03,+45.9199E-03
+2.4000E-03,+45.6113E-03
+2.4100E-03,+45.2495E-03
+2.4200E-03,+44.8746E-03
+2.4300E-03,+44.4917E-03
+2.4400E-03,+44.2013E-03
+2.4500E-03,+43.8877E-03
+2.4600E-03,+43.5158E-03
+2.4700E-03,+43.1209E-03
+2.4800E-03,+42.8354E-03
+2.4900E-03,+42.5751E-03
+2.5000E-03,+42.2143E-03
+2.5100E-03,+41.8495E-03
+2.5200E-03,+41.4847E-03
+2.5300E-03,+41.2324E-03
+2.5400E-03,+40.9651E-03
+2.5500E-03,+40.6113E-03
+2.5600E-03,+40.2003E-03
+2.5700E-03,+39.8837E-03
+2.5800E-03,+39.6224E-03
+2.5900E-03,+39.3189E-03
+2.6000E-03,+38.9480E-03
+2.6100E-03,+38.5782E-03
+2.6200E-03,+38.3138E-03
+2.6300E-03,+38.0013E-03
+2.6400E-03,+37.7098E-03
+2.6500E-03,+37.3450E-03
+2.6600E-03,+37.0304E-03
+2.6700E-03,+36.8163E-03
+2.6800E-03,+36.5018E-03
+2.6900E-03,+36.2113E-03
+2.7000E-03,+35.8726E-03
+2.7100E-03,+35.6244E-03
+2.7200E-03,+35.3942E-03
+2.7300E-03,+35.0626E-03
+2.7400E-03,+34.6897E-03
+2.7500E-03,+34.4505E-03
+2.7600E-03,+34.2113E-03
+2.7700E-03,+33.9721E-03
+2.7800E-03,+33.6696E-03
+2.7900E-03,+33.3932E-03
+2.8000E-03,+33.1792E-03
+2.8100E-03,+32.9400E-03
+2.8200E-03,+32.6756E-03
+2.8300E-03,+32.4113E-03
+2.8400E-03,+32.1611E-03
+2.8500E-03,+31.9179E-03
+2.8600E-03,+31.6998E-03
+2.8700E-03,+31.4294E-03
+2.8800E-03,+31.1882E-03
+2.8900E-03,+30.9892E-03
+2.9000E-03,+30.8174E-03
+2.9100E-03,+30.5983E-03
+2.9200E-03,+30.3410E-03
+2.9300E-03,+30.1480E-03
+2.9400E-03,+29.9550E-03
+2.9500E-03,+29.7420E-03
+2.9600E-03,+29.5028E-03
+2.9700E-03,+29.3008E-03
+2.9800E-03,+29.1329E-03
+2.9900E-03,+28.9651E-03
+3.0000E-03,+28.7470E-03
+3.0100E-03,+28.5540E-03
+3.0200E-03,+28.3862E-03
+3.0300E-03,+28.2435E-03
+3.0400E-03,+28.0917E-03
+3.0500E-03,+27.9028E-03
+3.0600E-03,+27.6917E-03
+3.0700E-03,+27.5219E-03
+3.0800E-03,+27.4043E-03
+3.0900E-03,+27.2505E-03
+3.1000E-03,+27.0787E-03
+3.1100E-03,+26.9510E-03
+3.1200E-03,+26.8837E-03
+3.1300E-03,+26.6927E-03
+3.1400E-03,+26.5480E-03
+3.1500E-03,+26.3802E-03
+3.1600E-03,+26.2877E-03
+3.1700E-03,+26.2133E-03
+3.1800E-03,+26.0807E-03
+3.1900E-03,+25.9339E-03
+3.2000E-03,+25.7872E-03
+3.2100E-03,+25.7319E-03
+3.2200E-03,+25.6324E-03
+3.2300E-03,+25.4897E-03
+3.2400E-03,+25.3762E-03
+3.2500E-03,+25.3299E-03
+3.2600E-03,+25.2546E-03
+3.2700E-03,+25.1028E-03
+3.2800E-03,+25.0023E-03
+3.2900E-03,+24.9440E-03
+3.3000E-03,+24.8726E-03
+3.3100E-03,+24.8003E-03
+3.3200E-03,+24.7018E-03
+3.3300E-03,+24.6083E-03
+3.3400E-03,+24.5510E-03
+3.3500E-03,+24.5561E-03
+3.3600E-03,+24.4696E-03
+3.3700E-03,+24.3711E-03
+3.3800E-03,+24.3018E-03
+3.3900E-03,+24.2998E-03
+3.4000E-03,+24.2445E-03
+3.4100E-03,+24.1631E-03
+3.4200E-03,+24.1169E-03
+3.4300E-03,+24.0706E-03
+3.4400E-03,+24.0485E-03
+3.4500E-03,+23.9731E-03
+3.4600E-03,+23.8656E-03
+3.4700E-03,+23.8355E-03
+3.4800E-03,+23.8304E-03
+3.4900E-03,+23.7973E-03
+3.5000E-03,+23.7470E-03
+3.5100E-03,+23.6968E-03
+3.5200E-03,+23.6968E-03
+3.5300E-03,+23.6837E-03
+3.5400E-03,+23.6284E-03
+3.5500E-03,+23.5661E-03
+3.5600E-03,+23.5199E-03
+3.5700E-03,+23.5179E-03
+3.5800E-03,+23.4958E-03
+3.5900E-03,+23.4345E-03
+3.6000E-03,+23.4103E-03
+3.6100E-03,+23.4204E-03
+3.6200E-03,+23.4435E-03
+3.6300E-03,+23.3953E-03
+3.6400E-03,+23.3701E-03
+3.6500E-03,+23.3450E-03
+3.6600E-03,+23.3701E-03
+3.6700E-03,+23.3631E-03
+3.6800E-03,+23.3420E-03
+3.6900E-03,+23.2958E-03
+3.7000E-03,+23.3199E-03
+3.7100E-03,+23.3199E-03
+3.7200E-03,+23.2948E-03
+3.7300E-03,+23.2525E-03
+3.7400E-03,+23.2696E-03
+3.7500E-03,+23.2445E-03
+3.7600E-03,+23.2907E-03
+3.7700E-03,+23.2525E-03
+3.7800E-03,+23.2194E-03
+3.7900E-03,+23.2194E-03
+3.8000E-03,+23.2395E-03
+3.8100E-03,+23.2194E-03
+3.8200E-03,+23.1751E-03
+3.8300E-03,+23.2123E-03
+3.8400E-03,+23.1832E-03
+3.8500E-03,+23.2194E-03
+3.8600E-03,+23.1943E-03
+3.8700E-03,+23.1943E-03
+3.8800E-03,+23.2174E-03
+3.8900E-03,+23.2003E-03
+3.9000E-03,+23.2194E-03
+3.9100E-03,+23.1551E-03
+3.9200E-03,+23.1943E-03
+3.9300E-03,+23.1943E-03
+3.9400E-03,+23.1953E-03
+3.9500E-03,+23.1540E-03
+3.9600E-03,+23.1872E-03
+3.9700E-03,+23.2063E-03
+3.9800E-03,+23.2023E-03
+3.9900E-03,+23.2194E-03
+4.0000E-03,+23.1691E-03
+4.0100E-03,+23.1691E-03
+4.0200E-03,+23.2113E-03
+4.0300E-03,+23.2324E-03
+4.0400E-03,+23.2194E-03
+4.0500E-03,+23.1993E-03
+4.0600E-03,+23.2194E-03
+4.0700E-03,+23.2445E-03
+4.0800E-03,+23.2445E-03
+4.0900E-03,+23.2304E-03
+4.1000E-03,+23.2294E-03
+4.1100E-03,+23.2254E-03
+4.1200E-03,+23.2716E-03
+4.1300E-03,+23.2696E-03
+4.1400E-03,+23.2696E-03
+4.1500E-03,+23.2847E-03
+4.1600E-03,+23.3088E-03
+4.1700E-03,+23.3199E-03
+4.1800E-03,+23.2948E-03
+4.1900E-03,+23.3189E-03
+4.2000E-03,+23.3450E-03
+4.2100E-03,+23.3701E-03
+4.2200E-03,+23.3701E-03
+4.2300E-03,+23.3701E-03
+4.2400E-03,+23.3742E-03
+4.2500E-03,+23.4204E-03
+4.2600E-03,+23.4204E-03
+4.2700E-03,+23.4204E-03
+4.2800E-03,+23.4455E-03
+4.2900E-03,+23.4867E-03
+4.3000E-03,+23.5209E-03
+4.3100E-03,+23.5450E-03
+4.3200E-03,+23.5179E-03
+4.3300E-03,+23.5822E-03
+4.3400E-03,+23.6355E-03
+4.3500E-03,+23.6817E-03
+4.3600E-03,+23.6968E-03
+4.3700E-03,+23.6757E-03
+4.3800E-03,+23.7219E-03
+4.3900E-03,+23.7912E-03
+4.4000E-03,+23.7872E-03
+4.4100E-03,+23.8224E-03
+4.4200E-03,+23.8546E-03
+4.4300E-03,+23.9510E-03
+4.4400E-03,+24.0224E-03
+4.4500E-03,+24.0184E-03
+4.4600E-03,+24.0646E-03
+4.4700E-03,+24.1490E-03
+4.4800E-03,+24.2073E-03
+4.4900E-03,+24.2284E-03
+4.5000E-03,+24.2747E-03
+4.5100E-03,+24.3460E-03
+4.5200E-03,+24.4596E-03
+4.5300E-03,+24.5008E-03
+4.5400E-03,+24.5510E-03
+4.5500E-03,+24.5812E-03
+4.5600E-03,+24.6767E-03
+4.5700E-03,+24.7299E-03
+4.5800E-03,+24.8023E-03
+4.5900E-03,+24.8777E-03
+4.6000E-03,+24.9732E-03
+4.6100E-03,+25.0717E-03
+4.6200E-03,+25.1792E-03
+4.6300E-03,+25.2525E-03
+4.6400E-03,+25.3239E-03
+4.6500E-03,+25.4355E-03
+4.6600E-03,+25.5812E-03
+4.6700E-03,+25.6887E-03
+4.6800E-03,+25.7098E-03
+4.6900E-03,+25.8556E-03
+4.7000E-03,+26.0033E-03
+4.7100E-03,+26.1249E-03
+4.7200E-03,+26.1963E-03
+4.7300E-03,+26.3008E-03
+4.7400E-03,+26.4727E-03
+4.7500E-03,+26.6365E-03
+4.7600E-03,+26.7541E-03
+4.7700E-03,+26.8546E-03
+4.7800E-03,+26.9882E-03
+4.7900E-03,+27.1732E-03
+4.8000E-03,+27.3199E-03
+4.8100E-03,+27.4415E-03
+4.8200E-03,+27.5852E-03
+4.8300E-03,+27.7782E-03
+4.8400E-03,+27.9711E-03
+4.8500E-03,+28.1390E-03
+4.8600E-03,+28.2505E-03
+4.8700E-03,+28.4495E-03
+4.8800E-03,+28.6425E-03
+4.8900E-03,+28.8355E-03
+4.9000E-03,+29.0033E-03
+4.9100E-03,+29.1460E-03
+4.9200E-03,+29.3712E-03
+4.9300E-03,+29.5852E-03
+4.9400E-03,+29.8003E-03
+4.9500E-03,+29.9681E-03
+4.9600E-03,+30.1772E-03
+4.9700E-03,+30.4164E-03
+4.9800E-03,+30.6475E-03
+4.9900E-03,+30.8656E-03
+5.0000E-03,+31.0335E-03
+5.0100E-03,+31.2938E-03
+5.0200E-03,+31.5279E-03
+5.0300E-03,+31.7882E-03
+5.0400E-03,+32.0063E-03
+5.0500E-03,+32.2345E-03
+5.0600E-03,+32.5189E-03
+5.0700E-03,+32.7581E-03
+5.0800E-03,+33.0224E-03
+5.0900E-03,+33.2254E-03
+5.1000E-03,+33.5360E-03
+5.1100E-03,+33.8093E-03
+5.1200E-03,+34.0526E-03
+5.1300E-03,+34.2938E-03
+5.1400E-03,+34.5772E-03
+5.1500E-03,+34.8626E-03
+5.1600E-03,+35.1621E-03
+5.1700E-03,+35.4626E-03
+5.1800E-03,+35.7159E-03
+5.1900E-03,+36.0305E-03
+5.2000E-03,+36.3651E-03
+5.2100E-03,+36.6093E-03
+5.2200E-03,+36.8616E-03
+5.2300E-03,+37.1460E-03
+5.2400E-03,+37.5109E-03
+5.2500E-03,+37.8425E-03
+5.2600E-03,+38.1320E-03
+5.2700E-03,+38.4214E-03
+5.2800E-03,+38.7360E-03
+5.2900E-03,+39.1099E-03
+5.3000E-03,+39.4405E-03
+5.3100E-03,+39.7299E-03
+5.3200E-03,+40.0666E-03
+5.3300E-03,+40.4596E-03
+5.3400E-03,+40.7742E-03
+5.3500E-03,+41.0787E-03
+5.3600E-03,+41.3782E-03
+5.3700E-03,+41.6968E-03
+5.3800E-03,+42.0576E-03
+5.3900E-03,+42.3973E-03
+5.4000E-03,+42.6867E-03
+5.4100E-03,+43.0013E-03
+5.4200E-03,+43.3983E-03
+5.4300E-03,+43.7812E-03
+5.4400E-03,+44.0455E-03
+5.4500E-03,+44.3601E-03
+5.4600E-03,+44.7571E-03
+5.4700E-03,+45.1521E-03
+5.4800E-03,+45.5048E-03
+5.4900E-03,+45.8194E-03
+5.5000E-03,+46.1089E-03
+5.5100E-03,+46.5410E-03
+5.5200E-03,+46.8636E-03
+5.5300E-03,+47.2284E-03
+5.5400E-03,+47.5269E-03
+5.5500E-03,+47.8827E-03
+5.5600E-03,+48.2727E-03
+5.5700E-03,+48.5872E-03
+5.5800E-03,+48.9199E-03
+5.5900E-03,+49.2194E-03
+5.6000E-03,+49.6264E-03
+5.6100E-03,+49.9772E-03
+5.6200E-03,+50.2857E-03
+5.6300E-03,+50.5500E-03
+5.6400E-03,+50.9782E-03
+5.6500E-03,+51.3953E-03
+5.6600E-03,+51.6807E-03
+5.6700E-03,+51.9661E-03
+5.6800E-03,+52.2988E-03
+5.6900E-03,+52.7119E-03
+5.7000E-03,+53.0787E-03
+5.7100E-03,+53.3591E-03
+5.7200E-03,+53.6445E-03
+5.7300E-03,+54.0053E-03
+5.7400E-03,+54.3913E-03
+5.7500E-03,+54.7269E-03
+5.7600E-03,+54.9701E-03
+5.7700E-03,+55.2807E-03
+5.7800E-03,+55.6707E-03
+5.7900E-03,+56.0355E-03
+5.8000E-03,+56.3199E-03
+5.8100E-03,+56.5410E-03
+5.8200E-03,+56.9481E-03
+5.8300E-03,+57.3119E-03
+5.8400E-03,+57.6083E-03
+5.8500E-03,+57.8877E-03
+5.8600E-03,+58.1742E-03
+5.8700E-03,+58.5269E-03
+5.8800E-03,+58.8184E-03
+5.8900E-03,+59.0867E-03
+5.9000E-03,+59.2948E-03
+5.9100E-03,+59.6455E-03
+5.9200E-03,+60.0063E-03
+5.9300E-03,+60.3108E-03
+5.9400E-03,+60.5279E-03
+5.9500E-03,+60.7420E-03
+5.9600E-03,+61.1068E-03
+5.9700E-03,+61.3963E-03
+5.9800E-03,+61.6274E-03
+5.9900E-03,+61.8455E-03
+6.0000E-03,+62.1139E-03
+6.0100E-03,+62.4536E-03
+6.0200E-03,+62.7088E-03
+6.0300E-03,+62.9189E-03
+6.0400E-03,+63.0958E-03
+6.0500E-03,+63.4355E-03
+6.0600E-03,+63.7239E-03
+6.0700E-03,+63.9169E-03
+6.0800E-03,+64.0847E-03
+6.0900E-03,+64.3420E-03
+6.1000E-03,+64.6817E-03
+6.1100E-03,+64.8646E-03
+6.1200E-03,+65.0556E-03
+6.1300E-03,+65.2254E-03
+6.1400E-03,+65.5380E-03
+6.1500E-03,+65.8124E-03
+6.1600E-03,+65.9551E-03
+6.1700E-03,+66.0907E-03
+6.1800E-03,+66.3189E-03
+6.1900E-03,+66.6083E-03
+6.2000E-03,+66.8023E-03
+6.2100E-03,+66.9289E-03
+6.2200E-03,+67.0747E-03
+6.2300E-03,+67.3139E-03
+6.2400E-03,+67.5490E-03
+6.2500E-03,+67.6917E-03
+6.2600E-03,+67.7882E-03
+6.2700E-03,+67.9691E-03
+6.2800E-03,+68.2455E-03
+6.2900E-03,+68.3631E-03
+6.3000E-03,+68.4706E-03
+6.3100E-03,+68.5721E-03
+6.3200E-03,+68.7661E-03
+6.3300E-03,+68.9591E-03
+6.3400E-03,+69.0877E-03
+6.3500E-03,+69.1691E-03
+6.3600E-03,+69.3119E-03
+6.3700E-03,+69.5531E-03
+6.3800E-03,+69.6515E-03
+6.3900E-03,+69.7400E-03
+6.4000E-03,+69.7922E-03
+6.4100E-03,+69.9862E-03
+6.4200E-03,+70.1360E-03
+6.4300E-03,+70.2324E-03
+6.4400E-03,+70.2304E-03
+6.4500E-03,+70.3450E-03
+6.4600E-03,+70.5631E-03
+6.4700E-03,+70.6807E-03
+6.4800E-03,+70.7149E-03
+6.4900E-03,+70.7360E-03
+6.5000E-03,+70.8827E-03
+6.5100E-03,+71.0505E-03
+6.5200E-03,+71.0586E-03
+6.5300E-03,+71.0968E-03
+6.5400E-03,+71.1681E-03
+6.5500E-03,+71.3400E-03
+6.5600E-03,+71.3611E-03
+6.5700E-03,+71.3852E-03
+6.5800E-03,+71.3852E-03
+6.5900E-03,+71.4887E-03
+6.6000E-03,+71.6113E-03
+6.6100E-03,+71.6113E-03
+6.6200E-03,+71.6093E-03
+6.6300E-03,+71.6345E-03
+6.6400E-03,+71.7752E-03
+6.6500E-03,+71.7973E-03
+6.6600E-03,+71.7762E-03
+6.6700E-03,+71.7330E-03
+6.6800E-03,+71.8435E-03
+6.6900E-03,+71.9390E-03
+6.7000E-03,+71.9128E-03
+6.7100E-03,+71.8465E-03
+6.7200E-03,+71.8747E-03
+6.7300E-03,+71.9802E-03
+6.7400E-03,+71.9882E-03
+6.7500E-03,+71.9128E-03
+6.7600E-03,+71.8415E-03
+6.7700E-03,+71.8968E-03
+6.7800E-03,+71.9631E-03
+6.7900E-03,+71.9380E-03
+6.8000E-03,+71.8324E-03
+6.8100E-03,+71.7892E-03
+6.8200E-03,+71.8847E-03
+6.8300E-03,+71.8626E-03
+6.8400E-03,+71.7370E-03
+6.8500E-03,+71.6616E-03
+6.8600E-03,+71.6616E-03
+6.8700E-03,+71.7098E-03
+6.8800E-03,+71.6385E-03
+6.8900E-03,+71.5289E-03
+6.9000E-03,+71.4857E-03
+6.9100E-03,+71.5108E-03
+6.9200E-03,+71.5219E-03
+6.9300E-03,+71.3540E-03
+6.9400E-03,+71.2355E-03
+6.9500E-03,+71.2043E-03
+6.9600E-03,+71.2345E-03
+6.9700E-03,+71.1219E-03
+6.9800E-03,+70.9842E-03
+6.9900E-03,+70.8405E-03
+7.0000E-03,+70.8576E-03
+7.0100E-03,+70.8073E-03
+7.0200E-03,+70.6475E-03
+7.0300E-03,+70.4174E-03
+7.0400E-03,+70.4214E-03
+7.0500E-03,+70.3551E-03
+7.0600E-03,+70.2535E-03
+7.0700E-03,+70.0566E-03
+7.0800E-03,+69.9530E-03
+7.0900E-03,+69.9279E-03
+7.1000E-03,+69.8324E-03
+7.1100E-03,+69.6455E-03
+7.1200E-03,+69.4736E-03
+7.1300E-03,+69.3983E-03
+7.1400E-03,+69.2867E-03
+7.1500E-03,+69.1591E-03
+7.1600E-03,+68.9510E-03
+7.1700E-03,+68.7902E-03
+7.1800E-03,+68.7410E-03
+7.1900E-03,+68.5983E-03
+7.2000E-03,+68.3751E-03
+7.2100E-03,+68.1189E-03
+7.2200E-03,+67.9932E-03
+7.2300E-03,+67.9349E-03
+7.2400E-03,+67.7761E-03
+7.2500E-03,+67.5410E-03
+7.2600E-03,+67.3229E-03
+7.2700E-03,+67.2224E-03
+7.2800E-03,+67.0746E-03
+7.2900E-03,+66.8354E-03
+7.3000E-03,+66.5259E-03
+7.3100E-03,+66.4324E-03
+7.3200E-03,+66.3128E-03
+7.3300E-03,+66.0294E-03
+7.3400E-03,+65.7510E-03
+7.3500E-03,+65.5359E-03
+7.3600E-03,+65.3932E-03
+7.3700E-03,+65.2003E-03
+7.3800E-03,+64.9339E-03
+7.3900E-03,+64.6887E-03
+7.4000E-03,+64.4455E-03
+7.4100E-03,+64.2917E-03
+7.4200E-03,+64.0274E-03
+7.4300E-03,+63.7128E-03
+7.4400E-03,+63.4485E-03
+7.4500E-03,+63.2294E-03
+7.4600E-03,+63.0616E-03
+7.4700E-03,+62.7430E-03
+7.4800E-03,+62.4163E-03
+7.4900E-03,+62.1812E-03
+7.5000E-03,+62.0133E-03
+7.5100E-03,+61.7279E-03
+7.5200E-03,+61.4344E-03
+7.5300E-03,+61.1078E-03
+7.5400E-03,+60.8988E-03
+7.5500E-03,+60.6917E-03
+7.5600E-03,+60.3500E-03
+7.5700E-03,+59.9872E-03
+7.5800E-03,+59.7480E-03
+7.5900E-03,+59.5229E-03
+7.6000E-03,+59.1792E-03
+7.6100E-03,+58.8294E-03
+7.6200E-03,+58.5400E-03
+7.6300E-03,+58.3008E-03
+7.6400E-03,+58.0364E-03
+7.6500E-03,+57.6565E-03
+7.6600E-03,+57.2957E-03
+7.6700E-03,+57.0425E-03
+7.6800E-03,+56.7782E-03
+7.6900E-03,+56.4404E-03
+7.7000E-03,+56.0837E-03
+7.7100E-03,+55.7339E-03
+7.7200E-03,+55.4566E-03
+7.7300E-03,+55.1631E-03
+7.7400E-03,+54.8113E-03
+7.7500E-03,+54.4254E-03
+7.7600E-03,+54.1108E-03
+7.7700E-03,+53.8716E-03
+7.7800E-03,+53.5068E-03
+7.7900E-03,+53.1078E-03
+7.8000E-03,+52.7319E-03
+7.8100E-03,+52.4636E-03
+7.8200E-03,+52.2013E-03
+7.8300E-03,+51.8153E-03
+7.8400E-03,+51.4184E-03
+7.8500E-03,+51.1138E-03
+7.8600E-03,+50.8334E-03
+7.8700E-03,+50.4957E-03
+7.8800E-03,+50.1349E-03
+7.8900E-03,+49.7450E-03
+7.9000E-03,+49.4706E-03
+7.9100E-03,+49.1048E-03
+7.9200E-03,+48.7691E-03
+7.9300E-03,+48.3832E-03
+7.9400E-03,+48.0455E-03
+7.9500E-03,+47.7822E-03
+7.9600E-03,+47.4103E-03
+7.9700E-03,+47.0153E-03
+7.9800E-03,+46.6374E-03
+7.9900E-03,+46.3691E-03
+8.0000E-03,+46.0083E-03
+8.0100E-03,+45.6515E-03
+8.0200E-03,+45.2193E-03
+8.0300E-03,+44.9390E-03
+8.0400E-03,+44.6405E-03
+8.0500E-03,+44.2997E-03
+8.0600E-03,+43.8947E-03
+8.0700E-03,+43.5329E-03
+8.0800E-03,+43.2656E-03
+8.0900E-03,+42.9621E-03
+8.1000E-03,+42.6113E-03
+8.1100E-03,+42.2214E-03
+8.1200E-03,+41.8817E-03
+8.1300E-03,+41.5922E-03
+8.1400E-03,+41.2837E-03
+8.1500E-03,+40.9229E-03
+8.1600E-03,+40.5872E-03
+8.1700E-03,+40.2907E-03
+8.1800E-03,+39.9661E-03
+8.1900E-03,+39.6787E-03
+8.2000E-03,+39.2696E-03
+8.2100E-03,+38.9410E-03
+8.2200E-03,+38.6726E-03
+8.2300E-03,+38.3460E-03
+8.2400E-03,+38.0023E-03
+8.2500E-03,+37.6917E-03
+8.2600E-03,+37.3983E-03
+8.2700E-03,+37.1380E-03
+8.2800E-03,+36.8354E-03
+8.2900E-03,+36.4746E-03
+8.3000E-03,+36.1993E-03
+8.3100E-03,+35.9802E-03
+8.3200E-03,+35.6907E-03
+8.3300E-03,+35.3580E-03
+8.3400E-03,+35.0364E-03
+8.3500E-03,+34.7822E-03
+8.3600E-03,+34.5581E-03
+8.3700E-03,+34.2204E-03
+8.3800E-03,+33.9309E-03
+8.3900E-03,+33.6837E-03
+8.4000E-03,+33.4304E-03
+8.4100E-03,+33.2224E-03
+8.4200E-03,+32.9400E-03
+8.4300E-03,+32.6575E-03
+8.4400E-03,+32.4174E-03
+8.4500E-03,+32.2244E-03
+8.4600E-03,+31.9400E-03
+8.4700E-03,+31.7128E-03
+8.4800E-03,+31.4445E-03
+8.4900E-03,+31.2726E-03
+8.5000E-03,+31.0083E-03
+8.5100E-03,+30.7942E-03
+8.5200E-03,+30.5470E-03
+8.5300E-03,+30.3289E-03
+8.5400E-03,+30.1771E-03
+8.5500E-03,+29.9229E-03
+8.5600E-03,+29.7239E-03
+8.5700E-03,+29.4817E-03
+8.5800E-03,+29.3752E-03
+8.5900E-03,+29.1711E-03
+8.6000E-03,+28.9882E-03
+8.6100E-03,+28.7601E-03
+8.6200E-03,+28.5711E-03
+8.6300E-03,+28.4264E-03
+8.6400E-03,+28.2505E-03
+8.6500E-03,+28.0887E-03
+8.6600E-03,+27.9068E-03
+8.6700E-03,+27.7601E-03
+8.6800E-03,+27.6324E-03
+8.6900E-03,+27.4415E-03
+8.7000E-03,+27.2746E-03
+8.7100E-03,+27.1068E-03
+8.7200E-03,+27.0515E-03
+8.7300E-03,+26.9138E-03
+8.7400E-03,+26.7078E-03
+8.7500E-03,+26.6113E-03
+8.7600E-03,+26.4857E-03
+8.7700E-03,+26.3842E-03
+8.7800E-03,+26.2083E-03
+8.7900E-03,+26.0907E-03
+8.8000E-03,+25.9782E-03
+8.8100E-03,+25.9058E-03
+8.8200E-03,+25.7601E-03
+8.8300E-03,+25.6636E-03
+8.8400E-03,+25.5309E-03
+8.8500E-03,+25.4706E-03
+8.8600E-03,+25.3932E-03
+8.8700E-03,+25.2777E-03
+8.8800E-03,+25.1329E-03
+8.8900E-03,+25.0344E-03
+8.9000E-03,+24.9882E-03
+8.9100E-03,+24.9058E-03
+8.9200E-03,+24.8204E-03
+8.9300E-03,+24.7269E-03
+8.9400E-03,+24.6767E-03
+8.9500E-03,+24.6063E-03
+8.9600E-03,+24.5349E-03
+8.9700E-03,+24.4767E-03
+8.9800E-03,+24.4174E-03
+8.9900E-03,+24.3963E-03
+9.0000E-03,+24.3249E-03
+9.0100E-03,+24.2284E-03
+9.0200E-03,+24.1822E-03
+9.0300E-03,+24.1360E-03
+9.0400E-03,+24.1148E-03
+9.0500E-03,+24.0485E-03
+9.0600E-03,+23.9229E-03
+9.0700E-03,+23.9229E-03
+9.0800E-03,+23.9229E-03
+9.0900E-03,+23.8837E-03
+9.1000E-03,+23.8123E-03
+9.1100E-03,+23.7721E-03
+9.1200E-03,+23.7953E-03
+9.1300E-03,+23.7470E-03
+9.1400E-03,+23.6968E-03
+9.1500E-03,+23.6566E-03
+9.1600E-03,+23.6435E-03
+9.1700E-03,+23.6465E-03
+9.1800E-03,+23.5932E-03
+9.1900E-03,+23.5470E-03
+9.2000E-03,+23.5008E-03
+9.2100E-03,+23.5118E-03
+9.2200E-03,+23.4958E-03
+9.2300E-03,+23.4455E-03
+9.2400E-03,+23.4415E-03
+9.2500E-03,+23.4204E-03
+9.2600E-03,+23.4455E-03
+9.2700E-03,+23.4204E-03
+9.2800E-03,+23.3701E-03
+9.2900E-03,+23.3360E-03
+9.3000E-03,+23.3551E-03
+9.3100E-03,+23.3450E-03
+9.3200E-03,+23.3229E-03
+9.3300E-03,+23.2696E-03
+9.3400E-03,+23.2978E-03
+9.3500E-03,+23.3199E-03
+9.3600E-03,+23.3199E-03
+9.3700E-03,+23.2927E-03
+9.3800E-03,+23.2445E-03
+9.3900E-03,+23.2696E-03
+9.4000E-03,+23.2696E-03
+9.4100E-03,+23.2586E-03
+9.4200E-03,+23.2194E-03
+9.4300E-03,+23.2415E-03
+9.4400E-03,+23.2696E-03
+9.4500E-03,+23.2746E-03
+9.4600E-03,+23.2606E-03
+9.4700E-03,+23.2063E-03
+9.4800E-03,+23.2274E-03
+9.4900E-03,+23.2445E-03
+9.5000E-03,+23.2696E-03
+9.5100E-03,+23.2234E-03
+9.5200E-03,+23.2194E-03
+9.5300E-03,+23.2696E-03
+9.5400E-03,+23.2194E-03
+9.5500E-03,+23.2244E-03
+9.5600E-03,+23.2194E-03
+9.5700E-03,+23.2194E-03
+9.5800E-03,+23.2264E-03
+9.5900E-03,+23.2304E-03
+9.6000E-03,+23.2194E-03
+9.6100E-03,+23.2315E-03
+9.6200E-03,+23.2445E-03
+9.6300E-03,+23.2465E-03
+9.6400E-03,+23.2696E-03
+9.6500E-03,+23.2194E-03
+9.6600E-03,+23.2837E-03
+9.6700E-03,+23.2948E-03
+9.6800E-03,+23.2696E-03
+9.6900E-03,+23.2696E-03
+9.7000E-03,+23.2696E-03
+9.7100E-03,+23.2948E-03
+9.7200E-03,+23.2827E-03
+9.7300E-03,+23.2696E-03
+9.7400E-03,+23.2696E-03
+9.7500E-03,+23.2948E-03
+9.7600E-03,+23.3199E-03
+9.7700E-03,+23.3118E-03
+9.7800E-03,+23.3068E-03
+9.7900E-03,+23.3450E-03
+9.8000E-03,+23.3701E-03
+9.8100E-03,+23.3701E-03
+9.8200E-03,+23.3450E-03
+9.8300E-03,+23.3631E-03
+9.8400E-03,+23.4093E-03
+9.8500E-03,+23.4053E-03
+9.8600E-03,+23.4204E-03
+9.8700E-03,+23.4184E-03
+9.8800E-03,+23.4184E-03
+9.8900E-03,+23.4897E-03
+9.9000E-03,+23.4807E-03
+9.9100E-03,+23.5098E-03
+9.9200E-03,+23.5028E-03
+9.9300E-03,+23.5490E-03
+9.9400E-03,+23.6204E-03
+9.9500E-03,+23.6415E-03
+9.9600E-03,+23.6124E-03
+9.9700E-03,+23.6465E-03
+9.9800E-03,+23.7219E-03
+9.9900E-03,+23.7219E-03
+10.0000E-03,+23.7470E-03
+10.0100E-03,+23.7510E-03
+10.0200E-03,+23.8315E-03
+10.0300E-03,+23.8606E-03
+10.0400E-03,+23.9229E-03
+10.0500E-03,+23.9028E-03
+10.0600E-03,+23.9752E-03
+10.0700E-03,+24.0676E-03
+10.0800E-03,+24.1309E-03
+10.0900E-03,+24.1631E-03
+10.1000E-03,+24.1943E-03
+10.1100E-03,+24.2747E-03
+10.1200E-03,+24.3500E-03
+10.1300E-03,+24.4003E-03
+10.1400E-03,+24.4566E-03
+10.1500E-03,+24.5008E-03
+10.1600E-03,+24.5872E-03
+10.1700E-03,+24.6767E-03
+10.1800E-03,+24.7018E-03
+10.1900E-03,
